"Account","Amount","Destination","Memo","Fee","LastLedgerSequence","Sequence","SigningPubKey","TransactionType","TxnSignature","hash","ledger_index","date"
"rKvE3ZUV4e975D5MfzTN4nYLeLgTu1HHF6","40.00","rwThJaY2MwdzCawo8hzbYNDUnFT7D91yYY","False","15","81216351","72169669","0290A457D7C9150D0C99FE6A6F84A69C123AC3C55C97C73E9424E2C79EC97F1479","Payment","304402205ACB3C0F1AE8F80275EC481DBE424100134925DD18EC5B69539E0494BF7098C6022063589E0F50558B3DE7A1B6B0D5B2B139FD2DE8B6BFD3498DC12E2FFE27C262FF","7380DAC7DC646233AD6CD55B9F91184EA485954EFAD0BBDD9D69677D64344AB3","81216343","Tue, 18 Jul 2023 00:23:10 GMT"
"rKvE3ZUV4e975D5MfzTN4nYLeLgTu1HHF6","40.00","rwThJaY2MwdzCawo8hzbYNDUnFT7D91yYY","False","15","81216317","72169668","0290A457D7C9150D0C99FE6A6F84A69C123AC3C55C97C73E9424E2C79EC97F1479","Payment","3045022100ACC56A2663EAE86AF045BF0426F2CF491F56FCA6180AEDDD6370D0EBED74AA7D02206ABB6CCA037805261BA2CE3F002663EB4B3380E6A3A774357D208F0FC8DCB714","CB565BE80C90AC3A0FBF7DE9C12F1FB8CADD24FF7978974F82F4064A017E66F9","81216309","Tue, 18 Jul 2023 00:21:00 GMT"
"radio73EpeWXys6ZkkHk55CcwqmhL6UpcU","0.00","rwThJaY2MwdzCawo8hzbYNDUnFT7D91yYY","True","15","80729472","81098335","ED7709BBA34E3E479F4A4F14AD308E6CD095C16ED30737B2E374BB7DAC2E68AD00","Payment","016E9E47DB30F370F3A523C68D6C81D47325CEB6D97416B1E75958B069C22BC0542DD8EE27665D41AC34C717902602DEB42599DA3F7EE015F3E0D8F61BC2B106","C3D7F76A291835911994131A600464E920F7EBBBA95D671574A21E98110BD341","80729454","Mon, 26 Jun 2023 10:17:50 GMT"
"rXWAryLccjp9Rd7gskme37nQHixsiDxX3","0.00","rwThJaY2MwdzCawo8hzbYNDUnFT7D91yYY","True","15","80087666","80143295","EDE9D87557C86FA9AF473FBF9C0C6C4A8A4666A042B79B083D7F3B4E851E13B24D","Payment","E37B82FBC80E37B3A1883A4F0D5A34280614EB560ADCA8A35D4C64ABBF3C499C10D08C9719A4514B19F1CCB590420EE746B512C8864F70700E36BAE8CA02860D","D9221EE678FBCD6201ED31565382044627D84A8BE0BC29437F6DFE43F1B486D6","80087648","Sun, 28 May 2023 17:14:20 GMT"
"rfuryAkqZZzQabSqRicB6uVZx1T8ZqVGV9","0.00","rwThJaY2MwdzCawo8hzbYNDUnFT7D91yYY","True","12","78522838","78553382","ED98D6105205E4EAD6F9EA3B66D0000688FBFC36E986DD371EEC3B26973BC09DCF","Payment","D8F8D02751E65B583B5B904D11B552D1946EA0AACC87A91FBD0F8EAAFF5D3B46D04EA7AA854FBA196550B71A7E120807C9962D5CA656EDDE86975E4F6A306302","343ABF6378DAEE52F1671FC120AAD373CE04150F0D4A60CB2A2D0096F792DEC4","78522820","Sun, 19 Mar 2023 15:07:20 GMT"
"rwThJaY2MwdzCawo8hzbYNDUnFT7D91yYY","95.00","rKvE3ZUV4e975D5MfzTN4nYLeLgTu1HHF6","False","15","75871723","64604439","02DA7A3F1F52E3AA3877DDFC08DD4B7FFB872358D8D2FE5AE3C9A4691C28D625CE","Payment","3044022030BA722CD39381A565E062C1781FADD4D4A16016452543D0036E877A613250F6022058B8DE6ECD2850CF5B402D93E788CBFE28F6220198AA8A6AAA3A74528716D5B9","261B4828C8A902337FFDF1B626259F75BBCD7FEF600BE50EE905DE012A7CA7C2","75871715","Sun, 20 Nov 2022 00:24:50 GMT"
"rMdG3ju8pgyVh29ELPWaDuA74CpWW6Fxns","1050.00","rwThJaY2MwdzCawo8hzbYNDUnFT7D91yYY","False","1000","","2550039","0255EECA852E7C26C0219F0792D1229F1147366D4C936FF3ED83AC32354F6F8EF3","Payment","3045022100D13869803CDC8EA0F1055CB8B45CFD0E3355AD60201CF6199AF629D2DBD0D361022020094F92EB300A706E64B8137FF300F2416EC179D1E2918E19B202067291C3BB","9B377881432D61682F0E32C215471181476729B6163DEB4FC4D38D1D1D25CB99","75731770","Sun, 13 Nov 2022 18:49:11 GMT"
"rwThJaY2MwdzCawo8hzbYNDUnFT7D91yYY","50.00","rKvE3ZUV4e975D5MfzTN4nYLeLgTu1HHF6","False","15","75696965","64604438","02DA7A3F1F52E3AA3877DDFC08DD4B7FFB872358D8D2FE5AE3C9A4691C28D625CE","Payment","3044022054E36B6149EBE39CCBC02126618E58B1BF27F22B515C113CBBB6E2F08D495BB102204B256396EDB685E9F506EED4CAF07806F4654F809496439DF817982BA00BE739","9058A8C899721D6EB2A34CDBDB375A010908B4B989D9E9CFBE0C759B68B29530","75696957","Sat, 12 Nov 2022 05:36:42 GMT"
"rwThJaY2MwdzCawo8hzbYNDUnFT7D91yYY","50.00","rUBCFsgC2cMueUh8sNFA9KsSbzYoUnbUk8","False","15","75584081","64604436","02DA7A3F1F52E3AA3877DDFC08DD4B7FFB872358D8D2FE5AE3C9A4691C28D625CE","Payment","30440220670CFF41EA24034EBA3A3E0E08750A8673DD0DEA395FBCD588CC052CDA204AF402200125D518DC5B1DC9F1F32E9E5CB3C358104F4A9782514942BFC3B0357A78DFBA","617C7DEF8FA07BF9BEDE3369FA385E5724809C7642A9F7FC7ABEB50784E3F515","75584073","Mon, 07 Nov 2022 04:02:32 GMT"
"rMdG3ju8pgyVh29ELPWaDuA74CpWW6Fxns","500.00","rwThJaY2MwdzCawo8hzbYNDUnFT7D91yYY","False","1000","","2373890","0255EECA852E7C26C0219F0792D1229F1147366D4C936FF3ED83AC32354F6F8EF3","Payment","3045022100E04691C562D8E90D63E20D2C614E4433FE363809D3FECB4ED48FB2ECFB6EDE0D02207F1B4BC70D96DE4FF55F01CA52CB2BB3A9AA00AAEB695AFBA8F94BCDB7FA33CF","51EBACB966C553271176EBCE0F0DB0BC7A6E375070872092BEA5D0231FC80DF0","74279259","Fri, 09 Sep 2022 16:58:02 GMT"
"rwThJaY2MwdzCawo8hzbYNDUnFT7D91yYY","0.01","rKvE3ZUV4e975D5MfzTN4nYLeLgTu1HHF6","False","15","72567791","64604435","02DA7A3F1F52E3AA3877DDFC08DD4B7FFB872358D8D2FE5AE3C9A4691C28D625CE","Payment","304402206409AE6B24128A04A7E49B1FF4CE4AECF32E3979340F6255C3B980E106A510020220555DA27A082680AC2E1DF5EB70038511FC26C2F1D30F453574D5898A4340D3DC","F9A2293013914DF2737662FB53FF057366F9D6B001F6F2BD64A64E3EF12C3CC0","72567783","Sat, 25 Jun 2022 01:18:12 GMT"
"rwThJaY2MwdzCawo8hzbYNDUnFT7D91yYY","0.01","rKvE3ZUV4e975D5MfzTN4nYLeLgTu1HHF6","True","15","72566897","64604434","02DA7A3F1F52E3AA3877DDFC08DD4B7FFB872358D8D2FE5AE3C9A4691C28D625CE","Payment","3045022100AEA4E2F502FE37EF221E4DBDF2F25ADAB4C6FF4AC4F05E271E4CA1FFEE3DA87402201CCA063B56E946F843AD32B04893D2365EC69C8D18B95E20B453A688C397F2D8","A4EB25B584CE4B15465700114A4A14CF9B13A8B4533661FC56644055EAAA970A","72566889","Sat, 25 Jun 2022 00:19:41 GMT"
"rwThJaY2MwdzCawo8hzbYNDUnFT7D91yYY","290.00","rMdG3ju8pgyVh29ELPWaDuA74CpWW6Fxns","False","15","72408399","64604433","02DA7A3F1F52E3AA3877DDFC08DD4B7FFB872358D8D2FE5AE3C9A4691C28D625CE","Payment","3045022100D3AC69AE8CA5E48DA74EBFA64975727844294781F1C63F202DEDDFD034D207F70220200D5FE35798CF3B0BFEB931640E3F4B1269832A0D5B8DC4CA535978DBBFF795","3A20A8DAB5BFA5AEF8FE88083DE3462416892B2B20D3976C01C94C0BA400A599","72408391","Fri, 17 Jun 2022 20:52:12 GMT"
"rwThJaY2MwdzCawo8hzbYNDUnFT7D91yYY","50.00","rKvE3ZUV4e975D5MfzTN4nYLeLgTu1HHF6","False","15","72169654","64604429","02DA7A3F1F52E3AA3877DDFC08DD4B7FFB872358D8D2FE5AE3C9A4691C28D625CE","Payment","30450221008ECF82B713D9CA70417BCDD442ED28AA24FE7A54DEF397BA6995A1D3ADD0C43502200A5F7F5DFF5E437560AE99452EA93161F1864E3F7A22D76F568CA4DB58D265E1","052392802CDC47F50D51E769F2EC135AA11598E8192671323B698121C30E3F2A","72169646","Tue, 07 Jun 2022 02:03:21 GMT"
"rMdG3ju8pgyVh29ELPWaDuA74CpWW6Fxns","584.03","rwThJaY2MwdzCawo8hzbYNDUnFT7D91yYY","False","20000","","1782036","0255EECA852E7C26C0219F0792D1229F1147366D4C936FF3ED83AC32354F6F8EF3","Payment","30440220281CA72DCBE0F976D836FEBBA62F260F2EA52BCA43DC157A301343B9C38A017602202486EC03E2D4D7B71747402193E2E6F6B8D45A706579FFD1C519C885722A83E9","3CF4D211AC574B341CDBA59E84665416DB130443EF0A2AFA42E975BFD23A1565","70162369","Tue, 08 Mar 2022 05:59:52 GMT"
"rwThJaY2MwdzCawo8hzbYNDUnFT7D91yYY","1000.00","rKsrT5wfaLS3SUPYWGwbJT8nqqvDa5hJgz","False","15","69986420","64604428","02DA7A3F1F52E3AA3877DDFC08DD4B7FFB872358D8D2FE5AE3C9A4691C28D625CE","Payment","3045022100DC2AB2458BAB8FEDEEDB26CDAF600866D5EBC11507D8FDFCFD981C7CB210AE16022006172804D830482D6BA736C261B08A99BC17A280A755D2F479EB8B50806698B1","03A39FA68A64AD95F37BE33E5A370D43DF3D0C69DA64516025A746101831C872","69986411","Mon, 28 Feb 2022 06:11:22 GMT"
"rMdG3ju8pgyVh29ELPWaDuA74CpWW6Fxns","481.34","rwThJaY2MwdzCawo8hzbYNDUnFT7D91yYY","False","20000","","1757255","0255EECA852E7C26C0219F0792D1229F1147366D4C936FF3ED83AC32354F6F8EF3","Payment","3045022100CF58C11D42B3FC8FFED79F2C671016EC098E330CF7549DBCA8274AC21D8B847D0220469EE1698DA9771ED2282355964E3B493A498CCF8521830DBAD1C26C7B62ECAD","96D0B0A73E74CA60B9C05E594539063F6397E41C118368FDDCD6533CE4AA27BB","69986285","Mon, 28 Feb 2022 06:03:11 GMT"
"rMdG3ju8pgyVh29ELPWaDuA74CpWW6Fxns","537.55","rwThJaY2MwdzCawo8hzbYNDUnFT7D91yYY","False","20000","","1744856","0255EECA852E7C26C0219F0792D1229F1147366D4C936FF3ED83AC32354F6F8EF3","Payment","304402206BEA9E564FACA972DEE397FE19D5DDFAE6F081DD938208BAD3547ACBDE126A560220681E08EC84EE9C0ACA8D90CA657063CD375658965098E54CFE5356D73B416AAF","1E86156DB9072AA61EB4A20531F282F050D2FBA14EA6C5C02C9ACCDC5A65E15D","69905477","Thu, 24 Feb 2022 13:41:31 GMT"
"rwThJaY2MwdzCawo8hzbYNDUnFT7D91yYY","43.11","rMdG3ju8pgyVh29ELPWaDuA74CpWW6Fxns","False","12","","64604427","02DA7A3F1F52E3AA3877DDFC08DD4B7FFB872358D8D2FE5AE3C9A4691C28D625CE","Payment","304402202E49BFEF29C42BE34FE07FAF5F88D0603D767F13F803442D5B3E15B7F6A34734022047EBF4F5A3220ADD819FD18179E5E3E870845B0B8502BA4C3219496ADF7AC483","2F14FAC04D6AA1BD9E3B8D91D40812A010B798285FE8BAA65C0BD39AE60764F7","65705370","Mon, 16 Aug 2021 20:51:30 GMT"
"rwThJaY2MwdzCawo8hzbYNDUnFT7D91yYY","2800.00","rMdG3ju8pgyVh29ELPWaDuA74CpWW6Fxns","False","12","","64604426","02DA7A3F1F52E3AA3877DDFC08DD4B7FFB872358D8D2FE5AE3C9A4691C28D625CE","Payment","304402203465DF3DD43810A371D51B7C991B18AA3600C6D889C318214E2DEF5EF7E6AD0602205C4B97791F17A07B18DE03A2EC200A694AE6909271623EB9B12B2C2E779C5FB2","852590F530A612D88F778E215AC3F537B38451B7798EAD954C561A9F1BDAF49D","65085021","Tue, 20 Jul 2021 19:15:42 GMT"
"rMdG3ju8pgyVh29ELPWaDuA74CpWW6Fxns","2000.00","rwThJaY2MwdzCawo8hzbYNDUnFT7D91yYY","False","1000","","882429","0255EECA852E7C26C0219F0792D1229F1147366D4C936FF3ED83AC32354F6F8EF3","Payment","304402201E185EA01FACC52B6BB94DA8A8A1D6F611419C132267952849461F491BBCBA69022063560430CB037F8026EAEAF59B4049EA1136166632A238D5384CAA4937C2B9C3","67A0BF62CCA352BE51C4BA6005EF047B36BB298A54B882DFE0802874B6707903","64968355","Thu, 15 Jul 2021 16:12:42 GMT"
"rRmgo6NW1W7GHjC5qEpcpQnq8NE74ZS1P","820.84","rwThJaY2MwdzCawo8hzbYNDUnFT7D91yYY","False","40","64896981","61297915","02D1DDF6EE21A14E03BDACE6FADB4905B48E54564390F5EC7B465BDE7AFA078050","Payment","3045022100EFEFAE2DEE0EE97D2FBAF6D1F4A73B7805B6AF0FE3223EE2F62F3C9C3B88708F0220458F889CF9557201DA187AC567CFF4664ED8238677FB4B758B412DAD10FD07B1","81C8F8DD02D00D9E47A7B7399A05C884FDDF01F95D0496FF412142E278542F43","64896959","Mon, 12 Jul 2021 12:33:50 GMT"
"rwThJaY2MwdzCawo8hzbYNDUnFT7D91yYY","200.00","rpAutLriSEdPS8brFQoCyK1HqN1nDw5ipD","False","12","","64604422","02DA7A3F1F52E3AA3877DDFC08DD4B7FFB872358D8D2FE5AE3C9A4691C28D625CE","Payment","3045022100D4E69B1942C4FC3C4FAA5CB21E1F15DF041420A7FD6F5BC664860934351183E002205D1DDC40085444F237CA115121FE1EB107755BB49999B119B49B4A4CCC358A2A","8109E27F10C5DB12C4C1279BE847D21746FA89BAE2EFB4B79A77AE66FDBB8957","64625961","Wed, 30 Jun 2021 14:19:30 GMT"
"rUjfTQpvBr6wsGGxMw6sRmRQGG76nvp8Ln","250.00","rwThJaY2MwdzCawo8hzbYNDUnFT7D91yYY","False","40","64604444","61298086","02143F86B0CABD3B8140B07B4495F05A8A9299151FBDFF85EDE0E0098411585801","Payment","3044022061936548D72DFA7DFE51DAAD77EAD59B749C00BF783DDC7B7E9CF82CF103602A02200D00695541A3AB14C4F1D4A5F20862DAD50DC4B2814B3233F9248FF1359777E8","85CD1234239E66A576234E7998295CD59FC9C8DBE073C744FB5ACEE72B37B312","64604422","Tue, 29 Jun 2021 15:31:50 GMT"
